{
  "pools": [
    {
      "rolls": 1,
      "entries": [
        {
          "type": "minecraft:item",
          "name": "minecraft:map",
          "functions": [
            {
              "function": "minecraft:exploration_map",
              "destination": "village",
              "decoration": "target_point",
              "skip_existing_chunks": true
            },
            {
              "function": "minecraft:set_name",
              "entity": "this",
              "name": {
                "text": "Raid Plan Map",
                "italic": false
              }
            }
          ]
        }
      ]
    },
    {
      "rolls": 1,
      "entries": [
        {
          "type": "minecraft:item",
          "weight": 2,
          "name": "minecraft:map",
          "functions": [
            {
              "function": "minecraft:exploration_map",
              "destination": "fruitful_loot:on_desert_mystery_explorer_maps",
              "decoration": "red_marker",
              "zoom": 2,
              "skip_existing_chunks": true
            },
            {
              "function": "minecraft:set_name",
              "entity": "this",
              "name": {
                "text": "Desert mystery explorer map",
                "italic": false
              }
            }
          ]
        }
	]
    },
    {
      "rolls": 1,
      "entries": [
        {
          "type": "minecraft:item",
          "weight": 2,
          "name": "minecraft:map",
          "functions": [
            {
              "function": "minecraft:exploration_map",
              "destination": "fruitful_loot:on_jungle_mystery_explorer_maps",
              "decoration": "red_marker",
              "zoom": 2,
              "skip_existing_chunks": true
            },
            {
              "function": "minecraft:set_name",
              "entity": "this",
              "name": {
                "text": "Jungle mystery explorer map",
                "italic": false
              }
            }
          ]
        }
      ]
    },
    {
      "rolls": 1,
      "entries": [
        {
          "type": "minecraft:item",
          "weight": 2,
          "name": "minecraft:map",
          "functions": [
            {
              "function": "minecraft:exploration_map",
              "destination": "fruitful_loot:on_snowy_mystery_explorer_maps",
              "decoration": "red_marker",
              "zoom": 2,
              "skip_existing_chunks": true
            },
            {
              "function": "minecraft:set_name",
              "entity": "this",
              "name": {
                "text": "Snowy mystery explorer map",
                "italic": false
              }
            }
          ]
        }
      ]
    },
    {
      "rolls": 1,
      "entries": [
        {
          "type": "minecraft:item",
          "weight": 2,
          "name": "minecraft:map",
          "functions": [
            {
              "function": "minecraft:exploration_map",
              "destination": "fruitful_loot:on_swamp_mystery_explorer_maps",
              "decoration": "red_marker",
              "zoom": 2,
              "skip_existing_chunks": true
            },
            {
              "function": "minecraft:set_name",
              "entity": "this",
              "name": {
                "text": "Swamp mystery explorer map",
                "italic": false
              }
            }
          ]
        }
      ]
    },
    {
      "rolls": 1,
      "entries": [
        {
          "type": "minecraft:item",
          "weight": 3,
          "name": "minecraft:map",
          "functions": [
            {
              "function": "minecraft:exploration_map",
              "destination": "minecraft:ruined_portal",
              "decoration": "red_marker",
              "zoom": 2,
              "skip_existing_chunks": true
            },
            {
              "function": "minecraft:set_name",
              "entity": "this",
              "name": {
                "text": "Portal mystery explorer map",
                "italic": false
              }
            }
          ]
        }
      ]
    }
  ]
}
