{
  "processors": [
    {
      "processor_type": "minecraft:rule",
      "rules": [
        {
          "location_predicate": {
            "predicate_type": "minecraft:always_true"
          },
          "input_predicate": {
            "predicate_type": "minecraft:block_match",
            "block": "minecraft:sponge"
          },
          "output_state": {
            "Name": "minecraft:spawner",
            "Properties": {}
          },
          "block_entity_modifier": {
            "type": "minecraft:append_static",
            "data": {
              "SpawnPotentials": [
                {
                  "weight": 1,
                  "data": {
                    "entity": {
                      "id": "minecraft:husk"
                    }
                  }
                }
              ]
            }
          }
        }
      ]
    },
    {
      "processor_type": "minecraft:capped",
      "delegate": {
        "processor_type": "minecraft:rule",
        "rules": [
          {
            "location_predicate": {
              "predicate_type": "minecraft:always_true"
            },
            "input_predicate": {
              "predicate_type": "minecraft:block_match",
              "block": "minecraft:chest"
            },
            "output_state": {
              "Name": "minecraft:air"
            }
          }
        ]
      },
      "limit": 2
    },
    {
      "processor_type": "minecraft:rule",
      "rules": [
        {
          "location_predicate": {
            "predicate_type": "minecraft:always_true"
          },
          "input_predicate": {
            "predicate_type": "minecraft:random_block_match",
            "block": "minecraft:sandstone",
            "probability": 0.5
          },
          "output_state": {
            "Name": "minecraft:cut_sandstone"
          }
        },
        {
          "location_predicate": {
            "predicate_type": "minecraft:always_true"
          },
          "input_predicate": {
            "predicate_type": "minecraft:random_block_match",
            "block": "minecraft:sand",
            "probability": 0.4
          },
          "output_state": {
            "Name": "minecraft:smooth_sandstone"
          }
        },
        {
          "location_predicate": {
            "predicate_type": "minecraft:always_true"
          },
          "input_predicate": {
            "predicate_type": "minecraft:random_block_match",
            "block": "minecraft:red_sandstone",
            "probability": 0.5
          },
          "output_state": {
            "Name": "minecraft:cut_red_sandstone"
          }
        },
        {
          "location_predicate": {
            "predicate_type": "minecraft:always_true"
          },
          "input_predicate": {
            "predicate_type": "minecraft:random_block_match",
            "block": "minecraft:red_sand",
            "probability": 0.4
          },
          "output_state": {
            "Name": "minecraft:smooth_red_sandstone"
          }
        }
      ]
    }
  ]
}