[
  {
    "condition": "minecraft:alternative",
    "terms": [
      {
        "condition": "minecraft:entity_properties",
        "entity": "this",
        "predicate": {
          "type": "minecraft:player",
          "equipment": {
            "mainhand": {
              "tag": "light:low_light_emitters"
            }
          }
        }
      },
      {
        "condition": "minecraft:entity_properties",
        "entity": "this",
        "predicate": {
          "type": "minecraft:player",
          "equipment": {
            "offhand": {
              "tag": "light:low_light_emitters"
            }
          }
        }
      }
    ]
  }
]