{
  "condition": "minecraft:alternative",
  "terms": [
    {
      "condition": "minecraft:entity_properties",
      "entity": "this",
      "predicate": {
        "equipment": {
          "mainhand": {
            "enchantments": [
              {}
            ]
          }
        }
      }
    },
    {
      "condition": "minecraft:entity_properties",
      "entity": "this",
      "predicate": {
        "equipment": {
          "offhand": {
            "enchantments": [
              {}
            ]
          }
        }
      }
    },
    {
      "condition": "minecraft:entity_properties",
      "entity": "this",
      "predicate": {
        "equipment": {
          "head": {
            "enchantments": [
              {}
            ]
          }
        }
      }
    },
    {
      "condition": "minecraft:entity_properties",
      "entity": "this",
      "predicate": {
        "equipment": {
          "chest": {
            "enchantments": [
              {}
            ]
          }
        }
      }
    },
    {
      "condition": "minecraft:entity_properties",
      "entity": "this",
      "predicate": {
        "equipment": {
          "legs": {
            "enchantments": [
              {}
            ]
          }
        }
      }
    },
    {
      "condition": "minecraft:entity_properties",
      "entity": "this",
      "predicate": {
        "equipment": {
          "feet": {
            "enchantments": [
              {}
            ]
          }
        }
      }
    }
  ]
}