{
    "pools": [
      {
        "rolls": 1,
        "entries": [
          {
            "type": "minecraft:item",
            "name": "minecraft:music_disc_otherside",
            "functions": [
              {
                "function": "minecraft:set_components",
                "components": {
                  "minecraft:jukebox_playable": {
                    "song": "minecraft:exploratory_dive"
                  },
                  "minecraft:custom_model_data": 25241
                }
              }
            ]
          }
        ],
        "conditions": [
          {
            "condition": "minecraft:location_check",
            "predicate": {
              "structures": "#minecraft:ocean_ruin"
            }
          }
        ]
      },
      {
        "rolls": 1,
        "entries": [
          {
            "type": "minecraft:item",
            "name": "minecraft:music_disc_otherside",
            "functions": [
              {
                "function": "minecraft:set_components",
                "components": {
                  "minecraft:jukebox_playable": {
                    "song": "minecraft:midnight_chimes"
                  },
                  "minecraft:custom_model_data": 25242
                }
              }
            ]
          }
        ],
        "conditions": [
          {
            "condition": "minecraft:location_check",
            "predicate": {
              "structures": "#minecraft:mineshaft"
            }
          }
        ]
      },
      {
        "rolls": 1,
        "entries": [
          {
            "type": "minecraft:item",
            "name": "minecraft:music_disc_otherside",
            "functions": [
              {
                "function": "minecraft:set_components",
                "components": {
                  "minecraft:jukebox_playable": {
                    "song": "minecraft:bone_co"
                  },
                  "minecraft:custom_model_data": 25243
                }
              }
            ]
          }
        ],
        "conditions": [
          {
            "condition": "minecraft:location_check",
            "predicate": {
              "structures": "minecraft:fortress"
            }
          }
        ]
      },
      {
        "rolls": 1,
        "entries": [
          {
            "type": "minecraft:item",
            "name": "minecraft:music_disc_otherside",
            "functions": [
              {
                "function": "minecraft:set_components",
                "components": {
                  "minecraft:jukebox_playable": {
                    "song": "minecraft:crystal_chasm"
                  },
                  "minecraft:custom_model_data": 25244
                }
              }
            ]
          }
        ],
        "conditions": [
          {
            "condition": "minecraft:location_check",
            "predicate": {
              "structures": "minecraft:end_city"
            }
          }
        ]
      },
      {
        "rolls": 1,
        "entries": [
          {
            "type": "minecraft:item",
            "name": "minecraft:music_disc_otherside",
            "functions": [
              {
                "function": "minecraft:set_components",
                "components": {
                  "minecraft:jukebox_playable": {
                    "song": "minecraft:reflection"
                  },
                  "minecraft:custom_model_data": 25245
                }
              }
            ]
          }
        ],
        "conditions": [
          {
            "condition": "minecraft:location_check",
            "predicate": {
              "structures": "minecraft:igloo"
            }
          }
        ]
      },
      {
        "rolls": 1,
        "entries": [
          {
            "type": "minecraft:item",
            "name": "minecraft:music_disc_otherside",
            "functions": [
              {
                "function": "minecraft:set_components",
                "components": {
                  "minecraft:jukebox_playable": {
                    "song": "minecraft:the_foyer"
                  },
                  "minecraft:custom_model_data": 25246
                }
              }
            ]
          }
        ],
        "conditions": [
          {
            "condition": "minecraft:location_check",
            "predicate": {
              "structures": "minecraft:mansion"
            }
          }
        ]
      },
      {
        "rolls": 1,
        "entries": [
          {
            "type": "minecraft:item",
            "name": "minecraft:music_disc_otherside",
            "functions": [
              {
                "function": "minecraft:set_components",
                "components": {
                  "minecraft:jukebox_playable": {
                    "song": "minecraft:flow"
                  },
                  "minecraft:custom_model_data": 25247
                }
              }
            ]
          }
        ],
        "conditions": [
          {
            "condition": "minecraft:location_check",
            "predicate": {
              "structures": "minecraft:buried_treasure"
            }
          }
        ]
      },
      {
        "rolls": 1,
        "entries": [
          {
            "type": "minecraft:item",
            "name": "minecraft:music_disc_otherside",
            "functions": [
              {
                "function": "minecraft:set_components",
                "components": {
                  "minecraft:jukebox_playable": {
                    "song": "minecraft:castanuelas"
                  },
                  "minecraft:custom_model_data": 25248
                }
              }
            ]
          }
        ],
        "conditions": [
          {
            "condition": "minecraft:any_of",
            "terms": [
              {
                "condition": "minecraft:location_check",
                "predicate": {
                  "biomes": "minecraft:desert"
                }
              }
            ]
          }
        ]
      },
      {
        "rolls": 1,
        "entries": [
          {
            "type": "minecraft:item",
            "name": "minecraft:music_disc_otherside",
            "functions": [
              {
                "function": "minecraft:set_components",
                "components": {
                  "minecraft:jukebox_playable": {
                    "song": "minecraft:call_of_the_wild"
                  },
                  "minecraft:custom_model_data": 25249
                }
              }
            ]
          }
        ],
        "conditions": [
          {
            "condition": "minecraft:location_check",
            "predicate": {
              "structures": "#minecraft:shipwreck"
            }
          }
        ]
      },
      {
        "rolls": 1,
        "entries": [
          {
            "type": "minecraft:item",
            "name": "minecraft:music_disc_otherside",
            "functions": [
              {
                "function": "minecraft:set_components",
                "components": {
                  "minecraft:jukebox_playable": {
                    "song": "minecraft:forgotten"
                  },
                  "minecraft:custom_model_data": 252410
                }
              }
            ]
          }
        ],
        "conditions": [
          {
            "condition": "minecraft:location_check",
            "predicate": {
              "structures": "minecraft:jungle_pyramid"
            }
          }
        ]
      }
    ]
  }
  