{
  "pools": [
    {
      "rolls": 1,
      "entries": [
        {
          "type": "minecraft:item",
          "name": "minecraft:music_disc_otherside",
          "functions": [
            {
              "function": "minecraft:set_components",
              "components": {
                "minecraft:jukebox_playable": {
                  "song": "minecraft:call_of_the_wild"
                },
                "minecraft:rarity": "uncommon"
              }
            },
            {
              "function": "minecraft:set_custom_model_data",
              "strings": {
                "values": [
                  "harmonic_horizons:item/music_disc_call_of_the_wild"
                ],
                "mode": "append"
              },
              "conditions": []
            }
          ]
        }
      ]
    }
  ]
}