{
  "replace": false,
  "values": [
    "minecraft:taiga",
    "minecraft:old_growth_pine_taiga",
    "minecraft:old_growth_spruce_taiga",
    {
      "id": "terralith:alpine_highlands",
      "required": false
    },
    {
      "id": "terralith:caldera",
      "required": false
    },
    {
      "id": "terralith:cloud_forest",
      "required": false
    },
    {
      "id": "terralith:forested_highlands",
      "required": false
    },
    {
      "id": "terralith:lush_valley",
      "required": false
    },
    {
      "id": "terralith:shield",
      "required": false
    },
    {
      "id": "terralith:temperate_highlands",
      "required": false
    },
    {
      "id": "terralith:yellowstone",
      "required": false
    },
    {
      "id": "terralith:yosemite_cliffs",
      "required": false
    },
    {
      "id": "terralith:yosemite_lowlands",
      "required": false
    }
  ]
}
