{

    "__comment": "Made with TheDestruc7i0n's advancements generator: https://advancements.thedestruc7i0n.ca",

    "criteria": {

        "has the recipe": {

            "trigger": "minecraft:recipe_unlocked",

            "conditions": {

                "recipe": "crate"

            }

        }

    },

    "requirements": [

        [

            "has the recipe"

        ]

    ],

    "rewards": {

        "function": "shelve:recipes/crate/setup_craft"

    }

}