{
  "parent": "minecraft:item/template_spawn_egg",
          "overrides": [
 {"predicate": {"custom_model_data":1}, "model": "minecraft:item/shelves/oak_shelf"},
 {"predicate": {"custom_model_data":2}, "model": "minecraft:item/shelves/oak_shelf_half"},
 {"predicate": {"custom_model_data":3}, "model": "minecraft:item/shelves/oak_shelf_full"},
 {"predicate": {"custom_model_data":4}, "model": "minecraft:item/cabinets/drawer"},
 {"predicate": {"custom_model_data":5}, "model": "minecraft:item/cabinets/display_case"},
 {"predicate": {"custom_model_data":6}, "model": "minecraft:item/decor/pot"},
 {"predicate": {"custom_model_data":7}, "model": "minecraft:item/decor/full_pot"},
 {"predicate": {"custom_model_data":8}, "model": "minecraft:item/decor/crate"},
 {"predicate": {"custom_model_data":9}, "model": "minecraft:item/decor/full_crate"},
 {"predicate": {"custom_model_data":10}, "model": "minecraft:item/shelves/cubed_shelf"},
 {"predicate": {"custom_model_data":11}, "model": "minecraft:item/shelves/cubed_shelf_half"},
 {"predicate": {"custom_model_data":12}, "model": "minecraft:item/shelves/cubed_shelf_full"},
 
 
 
 {"predicate": {"custom_model_data":100}, "model": "minecraft:item/decor/pot_colours/red_concrete_powder_pot"},
 {"predicate": {"custom_model_data":101}, "model": "minecraft:item/decor/pot_colours/orange_concrete_powder_pot"},
 {"predicate": {"custom_model_data":102}, "model": "minecraft:item/decor/pot_colours/yellow_concrete_powder_pot"},
 {"predicate": {"custom_model_data":103}, "model": "minecraft:item/decor/pot_colours/lime_concrete_powder_pot"},
 {"predicate": {"custom_model_data":104}, "model": "minecraft:item/decor/pot_colours/green_concrete_powder_pot"},
 {"predicate": {"custom_model_data":105}, "model": "minecraft:item/decor/pot_colours/cyan_concrete_powder_pot"},
 {"predicate": {"custom_model_data":106}, "model": "minecraft:item/decor/pot_colours/light_blue_concrete_powder_pot"},
 {"predicate": {"custom_model_data":107}, "model": "minecraft:item/decor/pot_colours/blue_concrete_powder_pot"},
 {"predicate": {"custom_model_data":108}, "model": "minecraft:item/decor/pot_colours/purple_concrete_powder_pot"},
 {"predicate": {"custom_model_data":109}, "model": "minecraft:item/decor/pot_colours/magenta_concrete_powder_pot"},
 {"predicate": {"custom_model_data":110}, "model": "minecraft:item/decor/pot_colours/pink_concrete_powder_pot"},
 {"predicate": {"custom_model_data":111}, "model": "minecraft:item/decor/pot_colours/brown_concrete_powder_pot"},
 {"predicate": {"custom_model_data":112}, "model": "minecraft:item/decor/pot_colours/black_concrete_powder_pot"},
 {"predicate": {"custom_model_data":113}, "model": "minecraft:item/decor/pot_colours/grey_concrete_powder_pot"},
 {"predicate": {"custom_model_data":114}, "model": "minecraft:item/decor/pot_colours/light_grey_concrete_powder_pot"},
 {"predicate": {"custom_model_data":115}, "model": "minecraft:item/decor/pot_colours/white_concrete_powder_pot"},
 
 
 
 {"predicate": {"custom_model_data":201}, "model": "minecraft:item/decor/pot_materials/red_sand_pot"},
 {"predicate": {"custom_model_data":202}, "model": "minecraft:item/decor/pot_materials/sand_pot"},
 {"predicate": {"custom_model_data":203}, "model": "minecraft:item/decor/pot_materials/redstone_pot"},
 {"predicate": {"custom_model_data":204}, "model": "minecraft:item/decor/pot_materials/gunpowder_pot"},
 {"predicate": {"custom_model_data":205}, "model": "minecraft:item/decor/pot_materials/glowstone_pot"},
 {"predicate": {"custom_model_data":206}, "model": "minecraft:item/decor/pot_materials/sugar_pot"},
 {"predicate": {"custom_model_data":207}, "model": "minecraft:item/decor/pot_materials/honey_pot"},
 {"predicate": {"custom_model_data":208}, "model": "minecraft:item/decor/pot_materials/blaze_powder_pot"},
 {"predicate": {"custom_model_data":209}, "model": "minecraft:item/decor/pot_materials/clay_block_pot"},
 {"predicate": {"custom_model_data":210}, "model": "minecraft:item/decor/pot_materials/gravel_pot"},
 {"predicate": {"custom_model_data":211}, "model": "minecraft:item/decor/pot_materials/dirt_pot"},
 {"predicate": {"custom_model_data":212}, "model": "minecraft:item/decor/pot_materials/rooted_dirt_pot"},
 {"predicate": {"custom_model_data":213}, "model": "minecraft:item/decor/pot_materials/powder_snow_pot"},
 
 {"predicate":{"custom_model_data":300}, "model": "minecraft:item/decor/crate_materials/egg_crate"},
 {"predicate": {"custom_model_data":301}, "model": "minecraft:item/decor/crate_materials/turtle_egg_crate"},
 {"predicate": {"custom_model_data":302}, "model": "minecraft:item/decor/crate_materials/gunpowder_crate"},
 {"predicate": {"custom_model_data":303}, "model": "minecraft:item/decor/crate_materials/milk_crate"},
 {"predicate": {"custom_model_data":304}, "model": "minecraft:item/decor/crate_materials/netherite_scrap_crate"},
 {"predicate": {"custom_model_data":305}, "model": "minecraft:item/decor/crate_materials/raw_copper_crate"},
 {"predicate": {"custom_model_data":306}, "model": "minecraft:item/decor/crate_materials/raw_gold_crate"},
 {"predicate": {"custom_model_data":307}, "model": "minecraft:item/decor/crate_materials/raw_iron_crate"},
 {"predicate": {"custom_model_data":308}, "model": "minecraft:item/decor/crate_materials/tnt_crate"},
 {"predicate": {"custom_model_data":309}, "model": "minecraft:item/decor/crate_materials/cod_crate"},
 {"predicate": {"custom_model_data":310}, "model": "minecraft:item/decor/crate_materials/salmon_crate"},
 {"predicate": {"custom_model_data":311}, "model": "minecraft:item/decor/crate_materials/pufferfish_crate"},
 {"predicate": {"custom_model_data":312}, "model": "minecraft:item/decor/crate_materials/tropical_fish_crate"},
 {"predicate": {"custom_model_data":313}, "model": "minecraft:item/decor/crate_materials/netherite_crate"},
 {"predicate": {"custom_model_data":314}, "model": "minecraft:item/decor/crate_materials/copper_crate"},
 {"predicate": {"custom_model_data":315}, "model": "minecraft:item/decor/crate_materials/gold_crate"},
 {"predicate": {"custom_model_data":316}, "model": "minecraft:item/decor/crate_materials/iron_crate"},
 {"predicate": {"custom_model_data":317}, "model": "minecraft:item/decor/crate_materials/redstone_crate"},
 {"predicate": {"custom_model_data":318}, "model": "minecraft:item/decor/crate_materials/lapis_lazuli_crate"},
 {"predicate": {"custom_model_data":319}, "model": "minecraft:item/decor/crate_materials/diamond_crate"},
 {"predicate": {"custom_model_data":320}, "model": "minecraft:item/decor/crate_materials/emerald_crate"},
 {"predicate": {"custom_model_data":321}, "model": "minecraft:item/decor/crate_materials/coal_crate"},
 {"predicate": {"custom_model_data":322}, "model": "minecraft:item/decor/crate_materials/charcoal_crate"},
 {"predicate": {"custom_model_data":323}, "model": "minecraft:item/decor/crate_materials/amethyst_shard_crate"},
 {"predicate": {"custom_model_data":324}, "model": "minecraft:item/decor/crate_materials/quartz_crate"},
 {"predicate": {"custom_model_data":325}, "model": "minecraft:item/decor/crate_materials/hay_crate"}
 ]
}