{
  "type": "minecraft:chest",
  "pools": [
    {
      "rolls": {
        "type": "minecraft:uniform",
        "min": 1,
        "max": 3
      },
      "entries": [
        {
          "type": "minecraft:item",
          "weight": 20,
          "name": "minecraft:lead"
        },
        {
          "type": "minecraft:item",
          "weight": 15,
          "name": "minecraft:golden_apple"
        },
        {
          "type": "minecraft:item",
          "weight": 2,
          "name": "minecraft:enchanted_golden_apple"
        },
        {
          "type": "minecraft:item",
          "weight": 15,
          "name": "minecraft:music_disc_13"
        },
        {
          "type": "minecraft:item",
          "weight": 15,
          "name": "minecraft:music_disc_cat"
        },
        {
          "type": "minecraft:item",
          "weight": 15,
          "name": "minecraft:music_disc_blocks"
        },
        {
          "type": "minecraft:item",
          "weight": 15,
          "name": "minecraft:music_disc_chirp"
        },
        {
          "type": "minecraft:item",
          "weight": 15,
          "name": "minecraft:music_disc_far"
        },
        {
          "type": "minecraft:item",
          "weight": 15,
          "name": "minecraft:music_disc_mall"
        },
        {
          "type": "minecraft:item",
          "weight": 15,
          "name": "minecraft:music_disc_mellohi"
        },
        {
          "type": "minecraft:item",
          "weight": 15,
          "name": "minecraft:music_disc_stal"
        },
        {
          "type": "minecraft:item",
          "weight": 15,
          "name": "minecraft:music_disc_strad"
        },
        {
          "type": "minecraft:item",
          "weight": 15,
          "name": "minecraft:music_disc_ward"
        },
        {
          "type": "minecraft:item",
          "weight": 10,
          "name": "minecraft:music_disc_11"
        },
        {
          "type": "minecraft:item",
          "weight": 15,
          "name": "minecraft:music_disc_wait"
        },
        {
          "type": "minecraft:item",
          "weight": 20,
          "name": "minecraft:name_tag"
        },
        {
          "type": "minecraft:item",
          "weight": 10,
          "name": "minecraft:chainmail_chestplate"
        },
        {
          "type": "minecraft:item",
          "weight": 10,
          "name": "minecraft:chainmail_leggings"
        },
        {
          "type": "minecraft:item",
          "weight": 10,
          "name": "minecraft:chainmail_helmet"
        },
        {
          "type": "minecraft:item",
          "weight": 10,
          "name": "minecraft:chainmail_boots"
        },
        {
          "type": "minecraft:item",
          "weight": 15,
          "name": "minecraft:diamond_hoe"
        },
        {
          "type": "minecraft:item",
          "weight": 5,
          "name": "minecraft:diamond_chestplate"
        },
        {
          "type": "minecraft:item",
          "weight": 5,
          "name": "minecraft:diamond_leggings"
        },
        {
          "type": "minecraft:item",
          "weight": 5,
          "name": "minecraft:diamond_helmet"
        },
        {
          "type": "minecraft:item",
          "weight": 5,
          "name": "minecraft:diamond_boots"
        },
        {
          "type": "minecraft:item",
          "weight": 10,
          "name": "minecraft:book",
          "functions": [
            {
              "function": "minecraft:enchant_randomly"
            }
          ]
        }
      ]
    },
    {
      "rolls": {
        "type": "minecraft:uniform",
        "min": 1,
        "max": 4
      },
      "entries": [
        {
          "type": "minecraft:item",
          "weight": 10,
          "name": "minecraft:iron_ingot",
          "functions": [
            {
              "function": "minecraft:set_count",
              "count": {
                "type": "minecraft:uniform",
                "min": 1,
                "max": 4
              }
            }
          ]
        },
        {
          "type": "minecraft:item",
          "weight": 5,
          "name": "minecraft:gold_ingot",
          "functions": [
            {
              "function": "minecraft:set_count",
              "count": {
                "type": "minecraft:uniform",
                "min": 1,
                "max": 4
              }
            }
          ]
        },
        {
          "type": "minecraft:item",
          "weight": 20,
          "name": "minecraft:bread"
        },
        {
          "type": "minecraft:item",
          "weight": 20,
          "name": "minecraft:wheat",
          "functions": [
            {
              "function": "minecraft:set_count",
              "count": {
                "type": "minecraft:uniform",
                "min": 1,
                "max": 4
              }
            }
          ]
        },
        {
          "type": "minecraft:item",
          "weight": 10,
          "name": "minecraft:bucket"
        },
        {
          "type": "minecraft:item",
          "weight": 15,
          "name": "minecraft:redstone",
          "functions": [
            {
              "function": "minecraft:set_count",
              "count": {
                "type": "minecraft:uniform",
                "min": 1,
                "max": 4
              }
            }
          ]
        },
        {
          "type": "minecraft:item",
          "weight": 15,
          "name": "minecraft:coal",
          "functions": [
            {
              "function": "minecraft:set_count",
              "count": {
                "type": "minecraft:uniform",
                "min": 1,
                "max": 4
              }
            }
          ]
        },
        {
          "type": "minecraft:item",
          "weight": 10,
          "name": "minecraft:melon_seeds",
          "functions": [
            {
              "function": "minecraft:set_count",
              "count": {
                "type": "minecraft:uniform",
                "min": 2,
                "max": 4
              }
            }
          ]
        },
        {
          "type": "minecraft:item",
          "weight": 10,
          "name": "minecraft:pumpkin_seeds",
          "functions": [
            {
              "function": "minecraft:set_count",
              "count": {
                "type": "minecraft:uniform",
                "min": 2,
                "max": 4
              }
            }
          ]
        },
        {
          "type": "minecraft:item",
          "weight": 10,
          "name": "minecraft:beetroot_seeds",
          "functions": [
            {
              "function": "minecraft:set_count",
              "count": {
                "type": "minecraft:uniform",
                "min": 2,
                "max": 4
              }
            }
          ]
        }
      ]
    },
    {
      "rolls": 3,
      "entries": [
        {
          "type": "minecraft:item",
          "weight": 10,
          "name": "minecraft:bone",
          "functions": [
            {
              "function": "minecraft:set_count",
              "count": {
                "type": "minecraft:uniform",
                "min": 1,
                "max": 8
              }
            }
          ]
        },
        {
          "type": "minecraft:item",
          "weight": 10,
          "name": "minecraft:gunpowder",
          "functions": [
            {
              "function": "minecraft:set_count",
              "count": {
                "type": "minecraft:uniform",
                "min": 1,
                "max": 8
              }
            }
          ]
        },
        {
          "type": "minecraft:item",
          "weight": 10,
          "name": "minecraft:rotten_flesh",
          "functions": [
            {
              "function": "minecraft:set_count",
              "count": {
                "type": "minecraft:uniform",
                "min": 1,
                "max": 8
              }
            }
          ]
        },
        {
          "type": "minecraft:item",
          "weight": 10,
          "name": "minecraft:string",
          "functions": [
            {
              "function": "minecraft:set_count",
              "count": {
                "type": "minecraft:uniform",
                "min": 1,
                "max": 8
              }
            }
          ]
        }
      ]
    },
    {
      "rolls": 1,
      "entries": [
        {
          "type": "minecraft:loot_table",
          "name": "relics:illager_relic"
        }
      ]
    }
  ],
    "__smithed__":{
        "rules":[
            {
                "type":"smithed:append",
                "target":"pools",
                "source":{
                    "type":"smithed:reference",
                    "path":"pools[0]"
                },
                "conditions":[]
            }
        ],
        "priority":{
            "default":20,
            "after": [],
            "before": []
        }
    }
}
