{
  "providers": [
    {
      "type": "bitmap",
      "file": "shelve:custom_particles/blank.png",
      "height": 16,
      "ascent": 0,
      "chars": [
        "\uE000"
      ]
    },
    {
      "type": "bitmap",
      "file": "shelve:custom_particles/firelight_1.png",
      "height": 16,
      "ascent": 0,
      "chars": [
        "\uE001"
      ]
    },
    {
      "type": "bitmap",
      "file": "shelve:custom_particles/firelight_2.png",
      "height": 16,
      "ascent": 0,
      "chars": [
        "\uE002"
      ]
    },
    {
      "type": "bitmap",
      "file": "shelve:custom_particles/firelight_3.png",
      "height": 16,
      "ascent": 0,
      "chars": [
        "\uE003"
      ]
    },
    {
      "type": "bitmap",
      "file": "shelve:custom_particles/firelight_4.png",
      "height": 16,
      "ascent": 0,
      "chars": [
        "\uE004"
      ]
    }
  ]
}
