{
  "type": "minecraft:jigsaw",
  "biomes": "#dungeons_plus:has_structure/witch_shack",
  "terrain_adaptation": "beard_box",
  "step": "underground_structures",
  "spawn_overrides": {
    "monster": {
      "bounding_box": "piece",
      "spawns": [
        {
          "type": "minecraft:witch",
          "weight": 1,
          "minCount": 1,
          "maxCount": 1
        }
      ]
    }
  },
  "start_pool": "dungeons_plus:witch_shack",
  "size": 1,
  "start_height": {
    "type": "minecraft:uniform",
    "min_inclusive": {
      "absolute": -55
    },
    "max_inclusive": {
      "absolute": 32
    }
  },
  "max_distance_from_center": 80,
  "use_expansion_hack": false
}
