{
  "structures": [
    {
      "structure": "dungeons_plus:mouldy_dungeon",
      "weight": 20
    },
    {
      "structure": "dungeons_plus:muddy_dungeon",
      "weight": 20
    },
    {
      "structure": "dungeons_plus:infested_dungeon",
      "weight": 20
    },
    {
      "structure": "dungeons_plus:deepwater_dungeon",
      "weight": 20
    },
    {
      "structure": "dungeons_plus:cold_dungeon",
      "weight": 20
    },
    {
      "structure": "dungeons_plus:frozen_dungeon",
      "weight": 20
    },
    {
      "structure": "dungeons_plus:webbed_dungeon",
      "weight": 20
    },
    {
      "structure": "dungeons_plus:lush_dungeon",
      "weight": 20
    },
    {
      "structure": "dungeons_plus:dusty_tomb",
      "weight": 20
    },
    {
      "structure": "dungeons_plus:scorched_tomb",
      "weight": 20
    }
  ],
  "placement": {
    "type": "minecraft:random_spread",
    "salt": 5327672363,
    "frequency": 0.9,
    "spacing": 8,
    "separation": 3,
    "exclusion_zone": {
      "other_set": "minecraft:trial_chambers",
      "chunk_count": 6
    }
  }
}