{
  "name": "dungeons_plus:infested_dungeon",
  "fallback": "minecraft:empty",
  "elements": [
    {
      "weight": 1,
      "element": {
        "element_type": "minecraft:single_pool_element",
        "location": "dungeons_plus:dungeons/infested_dungeon",
        "projection": "rigid",
        "processors": "dungeons_plus:dungeon/infested_dungeon_rot_keep_chests"
      }
    },
    {
      "weight": 1,
      "element": {
        "element_type": "minecraft:single_pool_element",
        "location": "dungeons_plus:dungeons/infested_dungeon_2",
        "projection": "rigid",
        "processors": "dungeons_plus:dungeon/infested_dungeon_rot"
      }
    },
     {
      "weight": 1,
      "element": {
        "element_type": "minecraft:single_pool_element",
        "location": "dungeons_plus:dungeons/infested_dungeon_3",
        "projection": "rigid",
        "processors": "dungeons_plus:dungeon/infested_dungeon_rot"
      }
    }
  ]
}
