{
  "parent": "minecraft:item/template_spawn_egg",
          "overrides": [
 {"predicate": {"custom_model_data":1}, "model": "minecraft:item/shelves/oak_shelf"},
 {"predicate": {"custom_model_data":2}, "model": "minecraft:item/shelves/oak_shelf_half"},
 {"predicate": {"custom_model_data":3}, "model": "minecraft:item/shelves/oak_shelf_full"},
 {"predicate": {"custom_model_data":4}, "model": "minecraft:item/cabinets/drawer"},
 {"predicate": {"custom_model_data":5}, "model": "minecraft:item/cabinets/display_case"},
 {"predicate": {"custom_model_data":6}, "model": "minecraft:item/decor/pot"},
 {"predicate": {"custom_model_data":7}, "model": "minecraft:item/decor/full_pot"},
 
 
 
 {"predicate": {"custom_model_data":100}, "model": "minecraft:item/decor/pot_colours/red_concrete_powder_pot"},
 {"predicate": {"custom_model_data":101}, "model": "minecraft:item/decor/pot_colours/orange_concrete_powder_pot"},
 {"predicate": {"custom_model_data":102}, "model": "minecraft:item/decor/pot_colours/yellow_concrete_powder_pot"},
 {"predicate": {"custom_model_data":103}, "model": "minecraft:item/decor/pot_colours/lime_concrete_powder_pot"},
 {"predicate": {"custom_model_data":104}, "model": "minecraft:item/decor/pot_colours/green_concrete_powder_pot"},
 {"predicate": {"custom_model_data":105}, "model": "minecraft:item/decor/pot_colours/cyan_concrete_powder_pot"},
 {"predicate": {"custom_model_data":106}, "model": "minecraft:item/decor/pot_colours/light_blue_concrete_powder_pot"},
 {"predicate": {"custom_model_data":107}, "model": "minecraft:item/decor/pot_colours/blue_concrete_powder_pot"},
 {"predicate": {"custom_model_data":108}, "model": "minecraft:item/decor/pot_colours/purple_concrete_powder_pot"},
 {"predicate": {"custom_model_data":109}, "model": "minecraft:item/decor/pot_colours/magenta_concrete_powder_pot"},
 {"predicate": {"custom_model_data":110}, "model": "minecraft:item/decor/pot_colours/pink_concrete_powder_pot"},
 {"predicate": {"custom_model_data":111}, "model": "minecraft:item/decor/pot_colours/brown_concrete_powder_pot"},
 {"predicate": {"custom_model_data":112}, "model": "minecraft:item/decor/pot_colours/black_concrete_powder_pot"},
 {"predicate": {"custom_model_data":113}, "model": "minecraft:item/decor/pot_colours/grey_concrete_powder_pot"},
 {"predicate": {"custom_model_data":114}, "model": "minecraft:item/decor/pot_colours/light_grey_concrete_powder_pot"},
 {"predicate": {"custom_model_data":115}, "model": "minecraft:item/decor/pot_colours/white_concrete_powder_pot"},
 
 
 
 {"predicate": {"custom_model_data":201}, "model": "minecraft:item/decor/pot_materials/red_sand_pot"},
 {"predicate": {"custom_model_data":202}, "model": "minecraft:item/decor/pot_materials/sand_pot"},
 {"predicate": {"custom_model_data":203}, "model": "minecraft:item/decor/pot_materials/redstone_pot"},
 {"predicate": {"custom_model_data":204}, "model": "minecraft:item/decor/pot_materials/gunpowder_pot"},
 {"predicate": {"custom_model_data":205}, "model": "minecraft:item/decor/pot_materials/glowstone_pot"},
 {"predicate": {"custom_model_data":206}, "model": "minecraft:item/decor/pot_materials/sugar_pot"},
 {"predicate": {"custom_model_data":207}, "model": "minecraft:item/decor/pot_materials/honey_pot"},
 {"predicate": {"custom_model_data":208}, "model": "minecraft:item/decor/pot_materials/blaze_powder_pot"},
 {"predicate": {"custom_model_data":209}, "model": "minecraft:item/decor/pot_materials/clay_block_pot"},
 {"predicate": {"custom_model_data":210}, "model": "minecraft:item/decor/pot_materials/gravel_pot"},
 {"predicate": {"custom_model_data":211}, "model": "minecraft:item/decor/pot_materials/dirt_pot"},
 {"predicate": {"custom_model_data":212}, "model": "minecraft:item/decor/pot_materials/rooted_dirt_pot"},
 {"predicate": {"custom_model_data":213}, "model": "minecraft:item/decor/pot_materials/powder_snow_pot"}
 ]
}