{
  "pools": [
    {
      "rolls": 1,
      "entries": [
        {
          "type": "minecraft:item",
          "name": "minecraft:panda_spawn_egg",
          "functions": [
            {
              "function": "minecraft:set_nbt",
              "tag": "{display:{Name:'[{\"text\":\"Display Case\",\"italic\":false}]'},CustomModelData:83245,EntityTag:{id:\"minecraft:item_display\",Tags:[\"smithed.block\",\"tcss.display_case\"],item:{id:\"panda_spawn_egg\",Count:1b,tag:{CustomModelData:83245}},transformation:{scale:[1.01f,1.01f,1.01f]}}}"
            }
          ]
        }
      ]
    }
  ]
}
