{
  "pools": [
    {
      "rolls": 1,
      "entries": [
        {
          "type": "minecraft:item",
          "name": "minecraft:panda_spawn_egg",
          "functions": [
            {
              "function": "minecraft:set_nbt",
              "tag": "{display:{Name:'[{\"text\":\"Shoji Box\",\"italic\":false}]'},CustomModelData:832415,EntityTag:{id:\"minecraft:item_display\",Tags:[\"smithed.block\",\"tcss.shoji_box\"],item:{id:\"panda_spawn_egg\",Count:1b,tag:{CustomModelData:832415}},transformation:{scale:[1.01f,1.01f,1.01f]}}}"
            }
          ]
        }
      ]
    }
  ]
}
