{
  "type": "minecraft:chest",
  "pools": [
    {
      "rolls": {
        "min": 4,
        "max": 10,
        "type": "minecraft:uniform"
      },
      "entries": [
        {
          "type": "minecraft:group",
          "weight": 30,
          "children": [
            {
              "type": "minecraft:item",
              "name": "minecraft:arrow",
              "weight": 3
            },
            {
              "type": "minecraft:item",
              "name": "minecraft:tipped_arrow",
              "weight": 2,
              "functions": [
                {
                  "function": "minecraft:set_nbt",
                  "tag": "{Potion:\"minecraft:long_poison\"}"
                }
              ]
            },
            {
              "type": "minecraft:item",
              "name": "minecraft:fire_charge",
              "weight": 2
            },
            {
              "type": "minecraft:item",
              "name": "minecraft:tipped_arrow",
              "weight": 1,
              "functions": [
                {
                  "function": "minecraft:set_nbt",
                  "tag": "{Potion:\"minecraft:harming\"}"
                }
              ]
            }
          ],
          "functions": [
            {
              "function": "minecraft:set_count",
              "count": {
                "min": 1,
                "max": 3,
                "type": "minecraft:uniform"
              }
            }
          ]
        }
      ]
    }
  ]
}