{
  "parent": "minecraft:item/template_spawn_egg",
          "overrides": [
 {"predicate": {"custom_model_data":83241}, "model": "shelve:item/shelves/oak_shelf"},
 {"predicate": {"custom_model_data":83242}, "model": "shelve:item/shelves/oak_shelf_half"},
 {"predicate": {"custom_model_data":83243}, "model": "shelve:item/shelves/oak_shelf_full"},
 {"predicate": {"custom_model_data":83244}, "model": "shelve:item/cabinets/drawer"},
 {"predicate": {"custom_model_data":83245}, "model": "shelve:item/cabinets/display_case"},
 {"predicate": {"custom_model_data":83246}, "model": "shelve:item/decor/pot"},
 {"predicate": {"custom_model_data":83247}, "model": "shelve:item/decor/full_pot"},
 {"predicate": {"custom_model_data":83248}, "model": "shelve:item/decor/crate"},
 {"predicate": {"custom_model_data":83249}, "model": "shelve:item/decor/full_crate"},
 {"predicate": {"custom_model_data":832410}, "model": "shelve:item/shelves/cubed_shelf"},
 {"predicate": {"custom_model_data":832411}, "model": "shelve:item/shelves/cubed_shelf_half"},
 {"predicate": {"custom_model_data":832412}, "model": "shelve:item/shelves/cubed_shelf_full"},
 {"predicate": {"custom_model_data":832413}, "model": "shelve:item/cabinets/soul_shrine"},
 {"predicate": {"custom_model_data":832414}, "model": "shelve:item/cabinets/firelight_core"},
 {"predicate": {"custom_model_data":832415}, "model": "shelve:item/decor/shoji_box_unlit"},
 {"predicate": {"custom_model_data":832416}, "model": "shelve:item/decor/shoji_box_lit"},
 
 
 {"predicate": {"custom_model_data":8324100}, "model": "shelve:item/decor/pot_colours/red_concrete_powder_pot"},
 {"predicate": {"custom_model_data":8324101}, "model": "shelve:item/decor/pot_colours/orange_concrete_powder_pot"},
 {"predicate": {"custom_model_data":8324102}, "model": "shelve:item/decor/pot_colours/yellow_concrete_powder_pot"},
 {"predicate": {"custom_model_data":8324103}, "model": "shelve:item/decor/pot_colours/lime_concrete_powder_pot"},
 {"predicate": {"custom_model_data":8324104}, "model": "shelve:item/decor/pot_colours/green_concrete_powder_pot"},
 {"predicate": {"custom_model_data":8324105}, "model": "shelve:item/decor/pot_colours/cyan_concrete_powder_pot"},
 {"predicate": {"custom_model_data":8324106}, "model": "shelve:item/decor/pot_colours/light_blue_concrete_powder_pot"},
 {"predicate": {"custom_model_data":8324107}, "model": "shelve:item/decor/pot_colours/blue_concrete_powder_pot"},
 {"predicate": {"custom_model_data":8324108}, "model": "shelve:item/decor/pot_colours/purple_concrete_powder_pot"},
 {"predicate": {"custom_model_data":8324109}, "model": "shelve:item/decor/pot_colours/magenta_concrete_powder_pot"},
 {"predicate": {"custom_model_data":8324110}, "model": "shelve:item/decor/pot_colours/pink_concrete_powder_pot"},
 {"predicate": {"custom_model_data":8324111}, "model": "shelve:item/decor/pot_colours/brown_concrete_powder_pot"},
 {"predicate": {"custom_model_data":8324112}, "model": "shelve:item/decor/pot_colours/black_concrete_powder_pot"},
 {"predicate": {"custom_model_data":8324113}, "model": "shelve:item/decor/pot_colours/grey_concrete_powder_pot"},
 {"predicate": {"custom_model_data":8324114}, "model": "shelve:item/decor/pot_colours/light_grey_concrete_powder_pot"},
 {"predicate": {"custom_model_data":8324115}, "model": "shelve:item/decor/pot_colours/white_concrete_powder_pot"},
 
 
 
 {"predicate": {"custom_model_data":8324201}, "model": "shelve:item/decor/pot_materials/red_sand_pot"},
 {"predicate": {"custom_model_data":8324202}, "model": "shelve:item/decor/pot_materials/sand_pot"},
 {"predicate": {"custom_model_data":8324203}, "model": "shelve:item/decor/pot_materials/redstone_pot"},
 {"predicate": {"custom_model_data":8324204}, "model": "shelve:item/decor/pot_materials/gunpowder_pot"},
 {"predicate": {"custom_model_data":8324205}, "model": "shelve:item/decor/pot_materials/glowstone_pot"},
 {"predicate": {"custom_model_data":8324206}, "model": "shelve:item/decor/pot_materials/sugar_pot"},
 {"predicate": {"custom_model_data":8324207}, "model": "shelve:item/decor/pot_materials/honey_pot"},
 {"predicate": {"custom_model_data":8324208}, "model": "shelve:item/decor/pot_materials/blaze_powder_pot"},
 {"predicate": {"custom_model_data":8324209}, "model": "shelve:item/decor/pot_materials/clay_block_pot"},
 {"predicate": {"custom_model_data":8324210}, "model": "shelve:item/decor/pot_materials/gravel_pot"},
 {"predicate": {"custom_model_data":8324211}, "model": "shelve:item/decor/pot_materials/dirt_pot"},
 {"predicate": {"custom_model_data":8324212}, "model": "shelve:item/decor/pot_materials/rooted_dirt_pot"},
 {"predicate": {"custom_model_data":8324213}, "model": "shelve:item/decor/pot_materials/powder_snow_pot"},
 
 {"predicate": {"custom_model_data":8324300}, "model": "shelve:item/decor/crate_materials/egg_crate"},
 {"predicate": {"custom_model_data":8324301}, "model": "shelve:item/decor/crate_materials/turtle_egg_crate"},
 {"predicate": {"custom_model_data":8324302}, "model": "shelve:item/decor/crate_materials/gunpowder_crate"},
 {"predicate": {"custom_model_data":8324303}, "model": "shelve:item/decor/crate_materials/milk_crate"},
 {"predicate": {"custom_model_data":8324304}, "model": "shelve:item/decor/crate_materials/netherite_scrap_crate"},
 {"predicate": {"custom_model_data":8324305}, "model": "shelve:item/decor/crate_materials/raw_copper_crate"},
 {"predicate": {"custom_model_data":8324306}, "model": "shelve:item/decor/crate_materials/raw_gold_crate"},
 {"predicate": {"custom_model_data":8324307}, "model": "shelve:item/decor/crate_materials/raw_iron_crate"},
 {"predicate": {"custom_model_data":8324308}, "model": "shelve:item/decor/crate_materials/tnt_crate"},
 {"predicate": {"custom_model_data":8324309}, "model": "shelve:item/decor/crate_materials/cod_crate"},
 {"predicate": {"custom_model_data":8324310}, "model": "shelve:item/decor/crate_materials/salmon_crate"},
 {"predicate": {"custom_model_data":8324311}, "model": "shelve:item/decor/crate_materials/pufferfish_crate"},
 {"predicate": {"custom_model_data":8324312}, "model": "shelve:item/decor/crate_materials/tropical_fish_crate"},
 {"predicate": {"custom_model_data":8324313}, "model": "shelve:item/decor/crate_materials/netherite_crate"},
 {"predicate": {"custom_model_data":8324314}, "model": "shelve:item/decor/crate_materials/copper_crate"},
 {"predicate": {"custom_model_data":8324315}, "model": "shelve:item/decor/crate_materials/gold_crate"},
 {"predicate": {"custom_model_data":8324316}, "model": "shelve:item/decor/crate_materials/iron_crate"},
 {"predicate": {"custom_model_data":8324317}, "model": "shelve:item/decor/crate_materials/redstone_crate"},
 {"predicate": {"custom_model_data":8324318}, "model": "shelve:item/decor/crate_materials/lapis_lazuli_crate"},
 {"predicate": {"custom_model_data":8324319}, "model": "shelve:item/decor/crate_materials/diamond_crate"},
 {"predicate": {"custom_model_data":8324320}, "model": "shelve:item/decor/crate_materials/emerald_crate"},
 {"predicate": {"custom_model_data":8324321}, "model": "shelve:item/decor/crate_materials/coal_crate"},
 {"predicate": {"custom_model_data":8324322}, "model": "shelve:item/decor/crate_materials/charcoal_crate"},
 {"predicate": {"custom_model_data":8324323}, "model": "shelve:item/decor/crate_materials/amethyst_shard_crate"},
 {"predicate": {"custom_model_data":8324324}, "model": "shelve:item/decor/crate_materials/quartz_crate"},
 {"predicate": {"custom_model_data":8324325}, "model": "shelve:item/decor/crate_materials/hay_crate"},
 {"predicate": {"custom_model_data":8324326}, "model": "shelve:item/decor/crate_materials/echo_shard_crate"}
 ]
}