{
  "type": "minecraft:chest",
  "pools": [
    {
      "rolls": {
        "type": "minecraft:uniform",
        "min": 4,
        "max": 10
      },
      "entries": [
        {
          "type": "minecraft:group",
          "children": [
            {
              "type": "minecraft:item",
              "weight": 3,
              "name": "minecraft:arrow"
            },
            {
              "type": "minecraft:item",
              "weight": 2,
              "name": "minecraft:tipped_arrow",
              "functions": [
                {
                  "function": "minecraft:set_nbt",
                  "tag": "{Potion:\"minecraft:long_poison\"}"
                }
              ]
            },
            {
              "type": "minecraft:item",
              "weight": 2,
              "name": "minecraft:fire_charge"
            }
          ],
          "functions": [
            {
              "function": "minecraft:set_count",
              "count": {
                "type": "minecraft:uniform",
                "min": 1,
                "max": 3
              }
            }
          ]
        }
      ]
    }
  ],
    "__smithed__":{
        "rules":[
            {
                "type":"smithed:append",
                "target":"pools",
                "source":{
                    "type":"smithed:reference",
                    "path":"pools[0]"
                },
                "conditions":[]
            }
        ],
        "priority":{
            "default":20,
            "after": [],
            "before": []
        }
    }
}