{
  "parent": "minecraft:item/template_spawn_egg",
          "overrides": [
 {"predicate": {"custom_model_data":1}, "model": "minecraft:item/shelves/oak_shelf"},
 {"predicate": {"custom_model_data":2}, "model": "minecraft:item/shelves/oak_shelf_half"},
 {"predicate": {"custom_model_data":3}, "model": "minecraft:item/shelves/oak_shelf_full"},
 {"predicate": {"custom_model_data":4}, "model": "minecraft:item/cabinets/drawer"},
 {"predicate": {"custom_model_data":5}, "model": "minecraft:item/cabinets/display_case"}
 ]
}