{
	"providers":[
        {
            "type": "bitmap",
            "file": "shelve:custom_gui/blank_gui_s.png",
            "ascent": -0,
            "height": 50,
            "chars": ["\uEaa0"]
        },
		{
            "type": "bitmap",
            "file": "shelve:custom_gui/blank_button.l.png",
            "ascent": 0,
            "height": 24,
            "chars": ["\uEaa1"]
        },
		{
            "type": "bitmap",
            "file": "shelve:custom_gui/blank_button_m.png",
            "ascent": 0,
            "height": 24,
            "chars": ["\uEaa2"]
        },
		{
            "type": "bitmap",
            "file": "shelve:custom_gui/blank.png",
            "ascent": 0,
            "height": 16,
            "chars": ["\uEaa4"]
        },
	    {
            "type": "bitmap",
            "file": "shelve:custom_gui/tip.png",
            "ascent": 8,
            "height": 8,
            "chars": ["\uEab0"]
        },	    
		{
            "type": "bitmap",
            "file": "shelve:custom_gui/check.png",
            "ascent": 8,
            "height": 8,
            "chars": ["\uEab1"]
        },	    
		{
            "type": "bitmap",
            "file": "shelve:custom_gui/no.png",
            "ascent": 8,
            "height": 8,
            "chars": ["\uEab2"]
        },	    
		{
            "type": "bitmap",
            "file": "shelve:custom_gui/warning.png",
            "ascent": 8,
            "height": 8,
            "chars": ["\uEab3"]
        },
	    {
            "type": "bitmap",
            "file": "shelve:custom_gui/rewrite.png",
            "ascent": 8,
            "height": 8,
            "chars": ["\uEab4"]
        }
	]
}