{
  "processors": [
    {
      "processor_type": "minecraft:block_rot",
      "integrity": 0.7,
      "rottable_blocks": [
        "minecraft:cobblestone",
        "minecraft:cobblestone_slab",
        "minecraft:cobblestone_stairs",
        "minecraft:cobblestone_wall",
        "minecraft:chiseled_stone_bricks",
        "minecraft:stone_bricks",
        "minecraft:stone_brick_slab",
        "minecraft:stone_brick_stairs",
        "minecraft:stone_brick_wall",
        "minecraft:iron_bars",
        "minecraft:ladder"
      ]
    },
    {
      "processor_type": "minecraft:block_rot",
      "integrity": 0.1,
      "rottable_blocks": [
        "minecraft:red_stained_glass"
      ]
    },
    {
      "processor_type": "minecraft:rule",
      "rules": [
        {
          "location_predicate": {
            "predicate_type": "minecraft:always_true"
          },
          "input_predicate": {
            "predicate_type": "minecraft:block_match",
            "block": "minecraft:glass"
          },
          "output_state": {
            "Name": "minecraft:cobblestone"
          }
        },
        {
          "location_predicate": {
            "predicate_type": "minecraft:always_true"
          },
          "input_predicate": {
            "predicate_type": "minecraft:random_block_match",
            "block": "minecraft:cobblestone",
            "probability": 0.3
          },
          "output_state": {
            "Name": "minecraft:stone_bricks"
          }
        },
        {
          "location_predicate": {
            "predicate_type": "minecraft:always_true"
          },
          "input_predicate": {
            "predicate_type": "minecraft:random_block_match",
            "block": "minecraft:cobblestone",
            "probability": 0.1
          },
          "output_state": {
            "Name": "minecraft:chiseled_stone_bricks"
          }
        },
        {
          "location_predicate": {
            "predicate_type": "minecraft:always_true"
          },
          "input_predicate": {
            "predicate_type": "minecraft:random_block_match",
            "block": "minecraft:cobblestone",
            "probability": 0.2
          },
          "output_state": {
            "Name": "minecraft:mossy_cobblestone"
          }
        },
        {
          "location_predicate": {
            "predicate_type": "minecraft:tag_match",
            "tag": "minecraft:air"
          },
          "input_predicate": {
            "predicate_type": "minecraft:random_block_match",
            "block": "minecraft:red_stained_glass",
            "probability": 0.5
          },
          "output_state": {
            "Name": "minecraft:red_mushroom"
          }
        },
        {
          "location_predicate": {
            "predicate_type": "minecraft:tag_match",
            "tag": "minecraft:air"
          },
          "input_predicate": {
            "predicate_type": "minecraft:block_match",
            "block": "minecraft:red_stained_glass"
          },
          "output_state": {
            "Name": "minecraft:brown_mushroom"
          }
        },
        {
          "location_predicate": {
            "predicate_type": "minecraft:always_true"
          },
          "input_predicate": {
            "predicate_type": "minecraft:random_block_match",
            "block": "minecraft:raw_iron_block",
            "probability": 0.4
          },
          "output_state": {
            "Name": "minecraft:raw_copper_block"
          }
        },
        {
          "location_predicate": {
            "predicate_type": "minecraft:always_true"
          },
          "input_predicate": {
            "predicate_type": "minecraft:random_block_match",
            "block": "minecraft:raw_iron_block",
            "probability": 0.1
          },
          "output_state": {
            "Name": "minecraft:raw_gold_block"
          }
        }
      ]
    },
    {
      "processor_type": "minecraft:block_ignore",
      "blocks": [
        {
          "Name": "minecraft:red_stained_glass"
        }
      ]
    },
    {
      "processor_type": "minecraft:block_age",
      "mossiness": 0.4
    }
  ]
}