{
  "fallback": "minecraft:empty",
  "elements": [
    {
      "weight": 15,
      "element": {
        "element_type": "minecraft:single_pool_element",
        "projection": "rigid",
        "location": "dungeons_plus:other/dungeon_ruins_1",
        "processors": "dungeons_plus:ruins_rot"
      }
    },
    {
      "weight": 20,
      "element": {
        "element_type": "minecraft:single_pool_element",
        "projection": "rigid",
        "location": "dungeons_plus:other/dungeon_ruins_2",
        "processors": "dungeons_plus:ruins_rot_large"
      }
    },
    {
      "weight": 20,
      "element": {
        "element_type": "minecraft:single_pool_element",
        "projection": "rigid",
        "location": "dungeons_plus:other/dungeon_ruins_3",
        "processors": "dungeons_plus:ruins_rot"
      }
    },
    {
      "weight": 15,
      "element": {
        "element_type": "minecraft:single_pool_element",
        "projection": "rigid",
        "location": "dungeons_plus:other/dungeon_ruins_4",
        "processors": "dungeons_plus:ruins_rot"
      }
    },
    {
      "weight": 15,
      "element": {
        "element_type": "minecraft:single_pool_element",
        "projection": "rigid",
        "location": "dungeons_plus:other/dungeon_ruins_5",
        "processors": "dungeons_plus:ruins_rot_small"
      }
    }
  ]
}
