{
  "replace": false,
  "values": [
    "#minecraft:is_mountain",
    {
      "id": "terralith:blooming_plateau",
      "required": false
    },
    {
      "id": "terralith:emerald_peaks",
      "required": false
    },
    {
      "id": "terralith:painted_mountains",
      "required": false
    },
    {
      "id": "terralith:rocky_mountains",
      "required": false
    },
    {
      "id": "terralith:scarlet_mountains",
      "required": false
    },
    {
      "id": "terralith:stony_spires",
      "required": false
    },
    {
      "id": "terralith:volcanic_crater",
      "required": false
    },
    {
      "id": "terralith:volcanic_peaks",
      "required": false
    }
  ]
}
