{
  "replace": false,
  "values": [
    "minecraft:forest",
    "minecraft:windswept_forest",
    "minecraft:flower_forest",
    "minecraft:birch_forest",
    "minecraft:old_growth_birch_forest",
    "minecraft:dark_forest",
    {
      "id": "terralith:alpine_grove",
      "required": false
    },
    {
      "id": "terralith:birch_taiga",
      "required": false
    },
    {
      "id": "terralith:blooming_valley",
      "required": false
    },
    {
      "id": "terralith:lavender_forest",
      "required": false
    },
    {
      "id": "terralith:lavender_valley",
      "required": false
    },
    {
      "id": "terralith:sakura_grove",
      "required": false
    },
    {
      "id": "terralith:sakura_valley",
      "required": false
    },
    {
      "id": "terralith:cave/infested_caves",
      "required": false
    }
  ]
}
