{
  "name": "dungeons_plus:lush_dungeon",
  "fallback": "minecraft:empty",
  "elements": [
    {
      "weight": 1,
      "element": {
        "element_type": "minecraft:single_pool_element",
        "location": "dungeons_plus:dungeons/lush_dungeon",
        "projection": "rigid",
        "processors": "dungeons_plus:dungeon/small_spider_dungeon_rot"
      }
    },
    {
      "weight": 1,
      "element": {
        "element_type": "minecraft:single_pool_element",
        "location": "dungeons_plus:dungeons/lush_dungeon_2",
        "projection": "rigid",
        "processors": "dungeons_plus:dungeon/small_spider_dungeon_rot"
      }
    },
    {
      "weight": 1,
      "element": {
        "element_type": "minecraft:single_pool_element",
        "location": "dungeons_plus:dungeons/lush_dungeon_3",
        "projection": "rigid",
        "processors": "dungeons_plus:dungeon/small_spider_dungeon_rot"
      }
    }
  ]
}
