{
  "name": "dungeons_plus:scorched_tomb",
  "fallback": "minecraft:empty",
  "elements": [
    {
      "weight": 1,
      "element": {
        "element_type": "minecraft:single_pool_element",
        "location": "dungeons_plus:dungeons/scorched_tomb",
        "projection": "rigid",
        "processors": "dungeons_plus:dungeon/tomb_rot_keep_chests"
      }
    },
     {
      "weight": 1,
      "element": {
        "element_type": "minecraft:single_pool_element",
        "location": "dungeons_plus:dungeons/scorched_tomb_2",
        "projection": "rigid",
        "processors": "dungeons_plus:dungeon/tomb_rot_keep_chests"
      }
    },
    {
      "weight": 1,
      "element": {
        "element_type": "minecraft:single_pool_element",
        "location": "dungeons_plus:dungeons/scorched_tomb_3",
        "projection": "rigid",
        "processors": "dungeons_plus:dungeon/tomb_rot_keep_chests"
      }
    }
  ]
}
