{
  "name": "dungeons_plus:swamp_dungeon_spawners",
  "fallback": "minecraft:empty",
  "elements": [
    {
      "weight": 3,
      "element": {
        "element_type": "minecraft:single_pool_element",
        "location": "dungeons_plus:mob_spawners/bogged_spawner",
        "projection": "rigid",
        "processors": "minecraft:empty"
      }
    },
    {
      "weight": 1,
      "element": {
        "element_type": "minecraft:single_pool_element",
        "location": "dungeons_plus:mob_spawners/slime_spawner",
        "projection": "rigid",
        "processors": "minecraft:empty"
      }
    }
  ]
}