{
  "replace": false,
  "values": [
    "#dungeons_plus:is_cold",
    {
      "id": "terralith:siberian_grove",
      "required": false
    },
    {
      "id": "terralith:siberian_taiga",
      "required": false
    },
    {
      "id": "terralith:snowy_maple_forest",
      "required": false
    },
    {
      "id": "terralith:snowy_shield",
      "required": false
    },
    {
      "id": "terralith:wintry_forest",
      "required": false
    },
    {
      "id": "terralith:wintry_lowlands",
      "required": false
    },
    {
      "id": "terralith:glacial_chasm",
      "required": false
    },
    {
      "id": "terralith:gravel_desert",
      "required": false
    },
    {
      "id": "terralith:frozen_cliffs",
      "required": false
    }
  ]
}
