{
  "replace": false,
  "values": [
    "#minecraft:is_jungle",
    "minecraft:lush_caves",
    {
      "id": "terralith:amethyst_canyon",
      "required": false
    },
    {
      "id": "terralith:amethyst_rainforest",
      "required": false
    },
    {
      "id": "terralith:jungle_mountains",
      "required": false
    },
    {
      "id": "terralith:rocky_jungle",
      "required": false
    },
    {
      "id": "terralith:tropical_jungle",
      "required": false
    },
    {
      "id": "terralith:cave/underground_jungle",
      "required": false
    }
  ]
}
