{
	"credit": "Property Of Technodono",
	"textures": {
		"1": "shelve:block/pot_hole",
		"3": "shelve:block/pot",
		"4": "shelve:block/pot_bottom",
		"9": "block/gravel",
		"particle": "shelve:block/flower_pot"
	},
	"elements": [
		{
			"from": [2, 13, 2],
			"to": [14, 14, 14],
			"faces": {
				"north": {"uv": [4, 4, 16, 5], "texture": "#1"},
				"east": {"uv": [4, 4, 16, 5], "texture": "#1"},
				"south": {"uv": [4, 4, 16, 5], "texture": "#1"},
				"west": {"uv": [4, 4, 16, 5], "texture": "#1"},
				"up": {"uv": [2, 2, 14, 14], "texture": "#9"},
				"down": {"uv": [4, 4, 16, 16], "texture": "#1"}
			}
		},
		{
			"from": [3, 0, 3],
			"to": [13, 2, 13],
			"faces": {
				"north": {"uv": [1, 13, 9, 15], "texture": "#4"},
				"east": {"uv": [1, 13, 9, 15], "texture": "#4"},
				"south": {"uv": [1, 13, 9, 15], "texture": "#4"},
				"west": {"uv": [1, 13, 9, 15], "texture": "#4"},
				"up": {"uv": [1, 1, 9, 9], "texture": "#4"},
				"down": {"uv": [3, 3, 13, 13], "texture": "#4"}
			}
		},
		{
			"from": [0, 0, 0],
			"to": [3, 16, 16],
			"faces": {
				"north": {"uv": [0, 0, 3, 16], "texture": "#3"},
				"east": {"uv": [0, 0, 16, 16], "texture": "#3"},
				"south": {"uv": [0, 0, 3, 16], "texture": "#3"},
				"west": {"uv": [0, 0, 16, 16], "texture": "#3"},
				"up": {"uv": [0, 0, 16, 3], "rotation": 90, "texture": "#3"},
				"down": {"uv": [0, 0, 3, 16], "texture": "#4"}
			}
		},
		{
			"from": [13, 0, 0],
			"to": [16, 16, 16],
			"faces": {
				"north": {"uv": [0, 0, 3, 16], "texture": "#3"},
				"east": {"uv": [0, 0, 16, 16], "texture": "#3"},
				"south": {"uv": [0, 0, 3, 16], "texture": "#3"},
				"west": {"uv": [0, 0, 16, 16], "texture": "#3"},
				"up": {"uv": [0, 0, 16, 3], "rotation": 90, "texture": "#3"},
				"down": {"uv": [0, 0, 3, 16], "texture": "#4"}
			}
		},
		{
			"from": [3, 0, 0],
			"to": [13, 16, 3],
			"faces": {
				"north": {"uv": [0, 0, 10, 16], "texture": "#3"},
				"east": {"uv": [0, 0, 3, 16], "texture": "#3"},
				"south": {"uv": [0, 0, 10, 16], "texture": "#3"},
				"west": {"uv": [0, 0, 3, 16], "texture": "#3"},
				"up": {"uv": [0, 0, 10, 3], "texture": "#3"},
				"down": {"uv": [0, 0, 10, 3], "texture": "#4"}
			}
		},
		{
			"from": [3, 0, 13],
			"to": [13, 16, 16],
			"faces": {
				"north": {"uv": [0, 0, 10, 16], "texture": "#3"},
				"east": {"uv": [0, 0, 3, 16], "texture": "#3"},
				"south": {"uv": [0, 0, 10, 16], "texture": "#3"},
				"west": {"uv": [0, 0, 3, 16], "texture": "#3"},
				"up": {"uv": [0, 0, 10, 3], "texture": "#3"},
				"down": {"uv": [0, 0, 10, 3], "texture": "#4"}
			}
		}
	],
	"display": {
		"thirdperson_righthand": {
			"rotation": [75, 45, 0],
			"translation": [0, 2.5, 0],
			"scale": [0.375, 0.375, 0.375]
		},
		"thirdperson_lefthand": {
			"rotation": [75, 45, 0],
			"translation": [0, 2.5, 0],
			"scale": [0.375, 0.375, 0.375]
		},
		"firstperson_righthand": {
			"rotation": [0, 135, 0],
			"scale": [0.4, 0.4, 0.4]
		},
		"firstperson_lefthand": {
			"rotation": [0, 135, 0],
			"scale": [0.4, 0.4, 0.4]
		},
		"ground": {
			"translation": [0, 3, 0],
			"scale": [0.25, 0.25, 0.25]
		},
		"gui": {
			"rotation": [30, 225, 0],
			"scale": [0.625, 0.625, 0.625]
		},
		"head": {
			"translation": [0, -30.4, 0],
			"scale": [1.61, 1.61, 1.61]
		},
		"fixed": {
			"scale": [0.5, 0.5, 0.5]
		}
	},
	"groups": [
		0,
		{
			"name": "Pot",
			"origin": [0, 0, 0],
			"color": 0,
			"children": [1, 2, 3, 4, 5]
		}
	]
}