{
  "type": "minecraft:chest",
  "pools": [
    {
      "rolls": {
        "type": "minecraft:uniform",
        "min": 1,
        "max": 5
      },
      "entries": [
        {
          "type": "minecraft:item",
          "weight": 10,
          "name": "minecraft:map",
          "functions": [
            {
              "function": "minecraft:set_count",
              "count": {
                "type": "minecraft:uniform",
                "min": 1,
                "max": 3
              }
            }
          ]
        },
        {
          "type": "minecraft:item",
          "weight": 15,
          "name": "minecraft:paper",
          "functions": [
            {
              "function": "minecraft:set_count",
              "count": {
                "type": "minecraft:uniform",
                "min": 1,
                "max": 5
              }
            }
          ]
        },
        {
          "type": "minecraft:item",
          "weight": 5,
          "name": "minecraft:compass"
        },
        {
          "type": "minecraft:item",
          "weight": 15,
          "name": "minecraft:bread",
          "functions": [
            {
              "function": "minecraft:set_count",
              "count": {
                "type": "minecraft:uniform",
                "min": 1,
                "max": 4
              }
            }
          ]
        },
        {
          "type": "minecraft:item",
          "weight": 5,
          "name": "minecraft:stick",
          "functions": [
            {
              "function": "minecraft:set_count",
              "count": {
                "type": "minecraft:uniform",
                "min": 1,
                "max": 2
              }
            }
          ]
        }
      ]
    },
    {
      "rolls": 1,
      "entries": [
        {
          "type": "minecraft:item",
          "weight": 2,
          "name": "minecraft:map",
          "functions": [
            {
              "function": "minecraft:exploration_map",
              "destination": "fruitful_loot:on_desert_mystery_explorer_maps",
              "decoration": "red_marker",
              "zoom": 2,
              "skip_existing_chunks": true
            },
            {
              "function": "minecraft:set_name",
              "entity": "this",
              "name": {
                "text": "Mystery explorer map",
                "italic": false
              }
            }
          ]
        },
        {
          "type": "minecraft:item",
          "weight": 2,
          "name": "minecraft:map",
          "functions": [
            {
              "function": "minecraft:exploration_map",
              "destination": "fruitful_loot:on_jungle_mystery_explorer_maps",
              "decoration": "red_marker",
              "zoom": 2,
              "skip_existing_chunks": true
            },
            {
              "function": "minecraft:set_name",
              "entity": "this",
              "name": {
                "text": "Mystery explorer map",
                "italic": false
              }
            }
          ]
        },
        {
          "type": "minecraft:item",
          "weight": 2,
          "name": "minecraft:map",
          "functions": [
            {
              "function": "minecraft:exploration_map",
              "destination": "fruitful_loot:on_snowy_mystery_explorer_maps",
              "decoration": "red_marker",
              "zoom": 2,
              "skip_existing_chunks": true
            },
            {
              "function": "minecraft:set_name",
              "entity": "this",
              "name": {
                "text": "Mystery explorer map",
                "italic": false
              }
            }
          ]
        },
        {
          "type": "minecraft:item",
          "weight": 2,
          "name": "minecraft:map",
          "functions": [
            {
              "function": "minecraft:exploration_map",
              "destination": "fruitful_loot:on_swamp_mystery_explorer_maps",
              "decoration": "red_marker",
              "zoom": 2,
              "skip_existing_chunks": true
            },
            {
              "function": "minecraft:set_name",
              "entity": "this",
              "name": {
                "text": "Mystery explorer map",
                "italic": false
              }
            }
          ]
        },
        {
          "type": "minecraft:item",
          "weight": 3,
          "name": "minecraft:map",
          "functions": [
            {
              "function": "minecraft:exploration_map",
              "destination": "minecraft:ruined_portal",
              "decoration": "red_marker",
              "zoom": 2,
              "skip_existing_chunks": true
            },
            {
              "function": "minecraft:set_name",
              "entity": "this",
              "name": {
                "text": "Mystery explorer map",
                "italic": false
              }
            }
          ]
        }
      ]
    }
  ],
    "__smithed__":{
        "rules":[
            {
                "type":"smithed:append",
                "target":"pools",
                "source":{
                    "type":"smithed:reference",
                    "path":"pools[0]"
                },
                "conditions":[]
            }
        ],
        "priority":{
            "default":20,
            "after": [],
            "before": []
        }
    }
}
