{
  "replace": false,
  "values": [
    "minecraft:windswept_hills",
    "minecraft:windswept_gravelly_hills",
    "minecraft:windswept_savanna",
    "minecraft:savanna",
    "minecraft:plains",
    "minecraft:sunflower_plains",
    "minecraft:savanna_plateau",
    {
      "id": "terralith:haze_mountain",
      "required": false
    },
    {
      "id": "terralith:windswept_spires",
      "required": false
    },
    {
      "id": "terralith:cold_shrubland",
      "required": false
    },
    {
      "id": "terralith:highlands",
      "required": false
    },
    {
      "id": "terralith:hot_shrubland",
      "required": false
    },
    {
      "id": "terralith:rocky_shrubland",
      "required": false
    },
    {
      "id": "terralith:shield_clearing",
      "required": false
    },
    {
      "id": "terralith:steppe",
      "required": false
    },
    {
      "id": "terralith:valley_clearing",
      "required": false
    },
    {
      "id": "terralith:arid_highlands",
      "required": false
    },
    {
      "id": "terralith:ashen_savanna",
      "required": false
    },
    {
      "id": "terralith:brushland",
      "required": false
    },
    {
      "id": "terralith:fractured_savanna",
      "required": false
    },
    {
      "id": "terralith:savanna_badlands",
      "required": false
    },
    {
      "id": "terralith:savanna_slopes",
      "required": false
    },
    {
      "id": "terralith:shrubland",
      "required": false
    }
  ]
}