{
    "providers": [
        {
            "type": "bitmap",
            "file": "techno.shared:font/button_ascii.png",
            "ascent": 0,
            "height": 20,
            "chars": [
                "\u0020\u0021\u0022\u0023\u0024\u0025\u0026\u0027\u0028\u0029\u002a\u002b\u002c\u002d\u002e\u002f",
                "\u0030\u0031\u0032\u0033\u0034\u0035\u0036\u0037\u0038\u0039\u003a\u003b\u003c\u003d\u003e\u003f",
                "\u0040\u0041\u0042\u0043\u0044\u0045\u0046\u0047\u0048\u0049\u004a\u004b\u004c\u004d\u004e\u004f",
                "\u0050\u0051\u0052\u0053\u0054\u0055\u0056\u0057\u0058\u0059\u005a\u005b\u005c\u005d\u005e\u005f",
                "\u0060\u0061\u0062\u0063\u0064\u0065\u0066\u0067\u0068\u0069\u006a\u006b\u006c\u006d\u006e\u006f",
                "\u0070\u0071\u0072\u0073\u0074\u0075\u0076\u0077\u0078\u0079\u007a\u007b\u007c\u007d\u007e\u0000",
                "\u2261\u00b1\u2265\u2264\u2320\u2321\u00f7\u2248\u00b0\u2219\u0000\u221a\u207f\u00b2\u25a0\u0000"
            ]
        },
		{
            "type": "bitmap",
            "file": "techno.shared:font/negative_space.png",
            "ascent": -32768,
            "height": -3,
            "chars": [
                "\uE000"
            ]
        },
		{
            "type": "bitmap",
            "file": "techno.shared:font/invis_trigger.png",
            "ascent": 0,
            "height": 20,
            "chars": ["\uE001"]
        }
    ]
}
