{
  "processors": [
    {
      "processor_type": "minecraft:rule",
      "rules": [
        {
          "location_predicate": {
            "predicate_type": "minecraft:always_true"
          },
          "input_predicate": {
            "predicate_type": "minecraft:random_block_match",
            "block": "minecraft:sandstone",
            "probability": 0.5
          },
          "output_state": {
            "Name": "minecraft:cut_sandstone"
          }
        },
        {
          "location_predicate": {
            "predicate_type": "minecraft:always_true"
          },
          "input_predicate": {
            "predicate_type": "minecraft:random_block_match",
            "block": "minecraft:sand",
            "probability": 0.4
          },
          "output_state": {
            "Name": "minecraft:smooth_sandstone"
          }
        },
        {
          "location_predicate": {
            "predicate_type": "minecraft:always_true"
          },
          "input_predicate": {
            "predicate_type": "minecraft:random_block_match",
            "block": "minecraft:red_sandstone",
            "probability": 0.5
          },
          "output_state": {
            "Name": "minecraft:cut_red_sandstone"
          }
        },
        {
          "location_predicate": {
            "predicate_type": "minecraft:always_true"
          },
          "input_predicate": {
            "predicate_type": "minecraft:random_block_match",
            "block": "minecraft:red_sand",
            "probability": 0.4
          },
          "output_state": {
            "Name": "minecraft:smooth_red_sandstone"
          }
        }
      ]
    }
  ]
}
