{
  "parent": "minecraft:recipes/root",
  "criteria": {
    "has_brick": {
      "conditions": {
        "items": [
          {
            "items": [
              "minecraft:brick"
            ]
          }
        ]
      },
      "trigger": "minecraft:inventory_changed"
    },
    "has_the_recipe": {
      "conditions": {
        "recipe": "shelve:clay_pot"
      },
      "trigger": "minecraft:recipe_unlocked"
    }
  },
  "requirements": [
    [
      "has_brick",
      "has_the_recipe"
    ]
  ],
  "rewards": {
    "recipes": [
      "shelve:clay_pot"
    ]
  }
}