{
  "parent": "minecraft:recipes/root",
  "criteria": {
    "has_planks": {
      "trigger": "minecraft:inventory_changed",
      "conditions": {
        "items": [
          {
            "tag": "minecraft:planks"
          }
        ]
      }
    },
    "has_stick": {
      "trigger": "minecraft:inventory_changed",
      "conditions": {
        "items": [
          {
            "items": [
              "minecraft:stick"
            ]
          }
        ]
      }
    },
    "has_item_frame": {
      "trigger": "minecraft:inventory_changed",
      "conditions": {
        "items": [
          {
            "items": [
              "minecraft:item_frame"
            ]
          }
        ]
      }
    },
    "has_the_recipe": {
      "trigger": "minecraft:recipe_unlocked",
      "conditions": {
        "recipe": "shelve:display_case"
      }
    }
  },
  "requirements": [
    [
      "has_planks",
      "has_stick",
      "has_item_frame",
      "has_the_recipe"
    ]
  ],
  "rewards": {
    "recipes": [
      "shelve:display_case"
    ]
  }
}
