{
	"providers":[
        {
            "type": "bitmap",
            "file": "minecraft:custom_gui/blank_gui_s.png",
            "ascent": 256,
            "height": 256,
            "chars": ["\uEaa0"]
        },
	    {
            "type": "bitmap",
            "file": "minecraft:custom_gui/tip.png",
            "ascent": 8,
            "height": 8,
            "chars": ["\uEab0"]
        },	    
		{
            "type": "bitmap",
            "file": "minecraft:custom_gui/check.png",
            "ascent": 8,
            "height": 8,
            "chars": ["\uEab1"]
        },	    
		{
            "type": "bitmap",
            "file": "minecraft:custom_gui/no.png",
            "ascent": 8,
            "height": 8,
            "chars": ["\uEab2"]
        },	    
		{
            "type": "bitmap",
            "file": "minecraft:custom_gui/warning.png",
            "ascent": 8,
            "height": 8,
            "chars": ["\uEab3"]
        },
	    {
            "type": "bitmap",
            "file": "minecraft:custom_gui/rewrite.png",
            "ascent": 8,
            "height": 8,
            "chars": ["\uEab4"]
        }
	]
}