{
  "parent": "minecraft:recipes/root",
  "criteria": {
    "has_planks": {
      "trigger": "minecraft:inventory_changed",
      "conditions": {
        "items": [
          {
            "tag": "minecraft:planks"
          }
        ]
      }
    },
	"has_wooden_slabs": {
      "trigger": "minecraft:inventory_changed",
      "conditions": {
        "items": [
          {
            "tag": "minecraft:wooden_slabs"
          }
        ]
      }
    },
    "has_gold_nugget": {
      "trigger": "minecraft:inventory_changed",
      "conditions": {
        "items": [
          {
            "items": [
              "minecraft:gold_nugget"
            ]
          }
        ]
      }
    },
    "has_the_recipe": {
      "trigger": "minecraft:recipe_unlocked",
      "conditions": {
        "recipe": "shelve:drawer"
      }
    }
  },
  "requirements": [
    [
      "has_planks",
	  "has_wooden_slabs",
      "has_gold_nugget",
      "has_the_recipe"
    ]
  ],
  "rewards": {
    "recipes": [
      "shelve:drawer"
    ]
  }
}