{
  "parent": "minecraft:recipes/root",
  "criteria": {
    "has_crimson_planks": {
      "trigger": "minecraft:inventory_changed",
      "conditions": {
        "items": [
          {
            "items": [
              "minecraft:crimson_planks"
            ]
          }
        ]
      }
    },
    "has_warped_planks": {
      "trigger": "minecraft:inventory_changed",
      "conditions": {
        "items": [
          {
            "items": [
              "minecraft:warped_planks"
            ]
          }
        ]
      }
    },
    "has_nether_bricks": {
      "trigger": "minecraft:inventory_changed",
      "conditions": {
        "items": [
          {
            "items": [
              "minecraft:nether_brick"
            ]
          }
        ]
      }
    },
    "has_the_recipe": {
      "trigger": "minecraft:recipe_unlocked",
      "conditions": {
        "recipe": "shelve:eldritch_shelf"
      }
    }
  },
  "requirements": [
    [
      "has_crimson_planks",
      "has_warped_planks",
      "has_nether_bricks",
      "has_the_recipe"
    ]
  ],
  "rewards": {
    "recipes": [
      "shelve:eldritch_shelf"
    ]
  }
}
