{
  "parent": "minecraft:recipes/root",
  "criteria": {
    "has_planks": {
      "trigger": "minecraft:inventory_changed",
      "conditions": {
        "items": [
          {
            "tag": "minecraft:planks"
          }
        ]
      }
    },
    "has_wooden_slabs": {
      "trigger": "minecraft:inventory_changed",
      "conditions": {
        "items": [
          {
            "tag": "minecraft:wooden_slabs"
          }
        ]
      }
    },
    "has_mangrove_roots": {
      "trigger": "minecraft:inventory_changed",
      "conditions": {
        "items": [
          {
            "items": [
              "minecraft:mangrove_roots"
            ]
          }
        ]
      }
    },
    "has_froglights": {
      "trigger": "minecraft:inventory_changed",
      "conditions": {
        "items": [
          {
            "tag": "shelve:froglights"
          }
        ]
      }
    },
    "has_the_recipe": {
      "trigger": "minecraft:recipe_unlocked",
      "conditions": {
        "recipe": "shelve:firelight_core"
      }
    }
  },
  "requirements": [
    [
      "has_planks",
      "has_wooden_slabs",
      "has_mangrove_roots",
      "has_froglights",
      "has_the_recipe"
    ]
  ],
  "rewards": {
    "recipes": [
      "shelve:firelight_core"
    ]
  }
}
