{
  "parent": "minecraft:recipes/root",
  "criteria": {
    "has_crimson_planks": {
      "trigger": "minecraft:inventory_changed",
      "conditions": {
        "items": [
          {
            "items": [
              "minecraft:crimson_planks"
            ]
          }
        ]
      }
    },
    "has_warped_planks": {
      "trigger": "minecraft:inventory_changed",
      "conditions": {
        "items": [
          {
            "items": [
              "minecraft:warped_planks"
            ]
          }
        ]
      }
    },
    "has_crimson_slab": {
      "trigger": "minecraft:inventory_changed",
      "conditions": {
        "items": [
          {
            "items": [
              "minecraft:crimson_slab"
            ]
          }
        ]
      }
    },
    "has_warped_slab": {
      "trigger": "minecraft:inventory_changed",
      "conditions": {
        "items": [
          {
            "items": [
              "minecraft:warped_slab"
            ]
          }
        ]
      }
    },
    "has_soul_soils": {
      "trigger": "minecraft:inventory_changed",
      "conditions": {
        "items": [
          {
            "tag": "shelve:soul_items"
          }
        ]
      }
    },
    "has_the_recipe": {
      "trigger": "minecraft:recipe_unlocked",
      "conditions": {
        "recipe": "shelve:soul_shrine"
      }
    }
  },
  "requirements": [
    [
      "has_crimson_planks",
      "has_warped_planks",
      "has_crimson_slab",
      "has_warped_slab",
      "has_soul_soils",
      "has_the_recipe"
    ]
  ],
  "rewards": {
    "recipes": [
      "shelve:soul_shrine"
    ]
  }
}
