{
	"credit": "Made with Blockbench",
	"textures": {
		"particle": "#particle",
		"side": "shelve:custom_particles/blank"
	},
	"elements": [
		{
			"from": [0, 0, 7.5],
			"to": [16, 16, 7.5],
			"faces": {
				"north": {"uv": [0, 0, 16, 16], "texture": "#particle"},
				"east": {"uv": [0, 0, 0, 16], "texture": "#side"},
				"south": {"uv": [16, 0, 0, 16], "texture": "#particle"},
				"west": {"uv": [0, 0, 0, 16], "texture": "#side"},
				"up": {"uv": [0, 0, 16, 0], "texture": "#side"},
				"down": {"uv": [0, 0, 16, 0], "texture": "#side"}
			}
		}
	]
}