{
  "name": "dungeons_plus:dusty_tomb",
  "fallback": "minecraft:empty",
  "elements": [
    {
      "weight": 1,
      "element": {
        "element_type": "minecraft:single_pool_element",
        "location": "dungeons_plus:dungeons/dusty_tomb",
        "projection": "rigid",
        "processors": "dungeons_plus:dungeon/tomb_rot"
      }
    },
    {
      "weight": 1,
      "element": {
        "element_type": "minecraft:single_pool_element",
        "location": "dungeons_plus:dungeons/dusty_tomb_2",
        "projection": "rigid",
        "processors": "dungeons_plus:dungeon/tomb_rot"
      }
    },
    {
      "weight": 1,
      "element": {
        "element_type": "minecraft:single_pool_element",
        "location": "dungeons_plus:dungeons/dusty_tomb_3",
        "projection": "rigid",
        "processors": "dungeons_plus:dungeon/tomb_rot"
      }
    }
  ]
}
