{
  "type": "minecraft:chest",
  "pools": [
    {
      "rolls": {
        "type": "minecraft:uniform",
        "min": 2,
        "max": 6
      },
      "bonus_rolls": 0,
      "entries": [
        {
          "type": "minecraft:item",
          "name": "minecraft:diamond",
          "weight": 5,
          "functions": [
            {
              "function": "minecraft:set_count",
              "count": {
                "type": "minecraft:uniform",
                "min": 2,
                "max": 7
              },
              "add": false
            }
          ]
        },
        {
          "type": "minecraft:item",
          "name": "minecraft:iron_ingot",
          "weight": 10,
          "functions": [
            {
              "function": "minecraft:set_count",
              "count": {
                "type": "minecraft:uniform",
                "min": 4,
                "max": 8
              },
              "add": false
            }
          ]
        },
        {
          "type": "minecraft:item",
          "name": "minecraft:gold_ingot",
          "weight": 15,
          "functions": [
            {
              "function": "minecraft:set_count",
              "count": {
                "type": "minecraft:uniform",
                "min": 2,
                "max": 7
              },
              "add": false
            }
          ]
        },
        {
          "type": "minecraft:item",
          "name": "minecraft:emerald",
          "weight": 2,
          "functions": [
            {
              "function": "minecraft:set_count",
              "count": {
                "type": "minecraft:uniform",
                "min": 2,
                "max": 6
              },
              "add": false
            }
          ]
        },
        {
          "type": "minecraft:item",
          "name": "minecraft:beetroot_seeds",
          "weight": 5,
          "functions": [
            {
              "function": "minecraft:set_count",
              "count": {
                "type": "minecraft:uniform",
                "min": 1,
                "max": 10
              },
              "add": false
            }
          ]
        },
        {
          "type": "minecraft:item",
          "name": "minecraft:saddle",
          "weight": 3
        },
        {
          "type": "minecraft:item",
          "name": "minecraft:iron_horse_armor"
        },
        {
          "type": "minecraft:item",
          "name": "minecraft:golden_horse_armor"
        },
        {
          "type": "minecraft:item",
          "name": "minecraft:diamond_horse_armor"
        },
        {
          "type": "minecraft:item",
          "name": "minecraft:diamond_sword",
          "weight": 3,
          "functions": [
            {
              "function": "minecraft:enchant_with_levels",
              "levels": {
                "type": "minecraft:uniform",
                "min": 20,
                "max": 39
              },
              "options": "#minecraft:on_random_loot"
            }
          ]
        },
        {
          "type": "minecraft:item",
          "name": "minecraft:diamond_boots",
          "weight": 3,
          "functions": [
            {
              "function": "minecraft:enchant_with_levels",
              "levels": {
                "type": "minecraft:uniform",
                "min": 20,
                "max": 39
              },
              "options": "#minecraft:on_random_loot"
            }
          ]
        },
        {
          "type": "minecraft:item",
          "name": "minecraft:diamond_chestplate",
          "weight": 3,
          "functions": [
            {
              "function": "minecraft:enchant_with_levels",
              "levels": {
                "type": "minecraft:uniform",
                "min": 20,
                "max": 39
              },
              "options": "#minecraft:on_random_loot"
            }
          ]
        },
        {
          "type": "minecraft:item",
          "name": "minecraft:diamond_leggings",
          "weight": 3,
          "functions": [
            {
              "function": "minecraft:enchant_with_levels",
              "levels": {
                "type": "minecraft:uniform",
                "min": 20,
                "max": 39
              },
              "options": "#minecraft:on_random_loot"
            }
          ]
        },
        {
          "type": "minecraft:item",
          "name": "minecraft:diamond_helmet",
          "weight": 3,
          "functions": [
            {
              "function": "minecraft:enchant_with_levels",
              "levels": {
                "type": "minecraft:uniform",
                "min": 20,
                "max": 39
              },
              "options": "#minecraft:on_random_loot"
            }
          ]
        },
        {
          "type": "minecraft:item",
          "name": "minecraft:diamond_pickaxe",
          "weight": 3,
          "functions": [
            {
              "function": "minecraft:enchant_with_levels",
              "levels": {
                "type": "minecraft:uniform",
                "min": 20,
                "max": 39
              },
              "options": "#minecraft:on_random_loot"
            }
          ]
        },
        {
          "type": "minecraft:item",
          "name": "minecraft:diamond_shovel",
          "weight": 3,
          "functions": [
            {
              "function": "minecraft:enchant_with_levels",
              "levels": {
                "type": "minecraft:uniform",
                "min": 20,
                "max": 39
              },
              "options": "#minecraft:on_random_loot"
            }
          ]
        },
        {
          "type": "minecraft:item",
          "name": "minecraft:iron_sword",
          "weight": 3,
          "functions": [
            {
              "function": "minecraft:enchant_with_levels",
              "levels": {
                "type": "minecraft:uniform",
                "min": 20,
                "max": 39
              },
              "options": "#minecraft:on_random_loot"
            }
          ]
        },
        {
          "type": "minecraft:item",
          "name": "minecraft:iron_boots",
          "weight": 3,
          "functions": [
            {
              "function": "minecraft:enchant_with_levels",
              "levels": {
                "type": "minecraft:uniform",
                "min": 20,
                "max": 39
              },
              "options": "#minecraft:on_random_loot"
            }
          ]
        },
        {
          "type": "minecraft:item",
          "name": "minecraft:iron_chestplate",
          "weight": 3,
          "functions": [
            {
              "function": "minecraft:enchant_with_levels",
              "levels": {
                "type": "minecraft:uniform",
                "min": 20,
                "max": 39
              },
              "options": "#minecraft:on_random_loot"
            }
          ]
        },
        {
          "type": "minecraft:item",
          "name": "minecraft:iron_leggings",
          "weight": 3,
          "functions": [
            {
              "function": "minecraft:enchant_with_levels",
              "levels": {
                "type": "minecraft:uniform",
                "min": 20,
                "max": 39
              },
              "options": "#minecraft:on_random_loot"
            }
          ]
        },
        {
          "type": "minecraft:item",
          "name": "minecraft:iron_helmet",
          "weight": 3,
          "functions": [
            {
              "function": "minecraft:enchant_with_levels",
              "levels": {
                "type": "minecraft:uniform",
                "min": 20,
                "max": 39
              },
              "options": "#minecraft:on_random_loot"
            }
          ]
        },
        {
          "type": "minecraft:item",
          "name": "minecraft:iron_pickaxe",
          "weight": 3,
          "functions": [
            {
              "function": "minecraft:enchant_with_levels",
              "levels": {
                "type": "minecraft:uniform",
                "min": 20,
                "max": 39
              },
              "options": "#minecraft:on_random_loot"
            }
          ]
        },
        {
          "type": "minecraft:item",
          "name": "minecraft:iron_shovel",
          "weight": 3,
          "functions": [
            {
              "function": "minecraft:enchant_with_levels",
              "levels": {
                "type": "minecraft:uniform",
                "min": 20,
                "max": 39
              },
              "options": "#minecraft:on_random_loot"
            }
          ]
        }
      ]
    },
    {
      "rolls": 1,
      "bonus_rolls": 0,
      "entries": [
        {
          "type": "minecraft:empty",
          "weight": 14
        },
        {
          "type": "minecraft:item",
          "name": "minecraft:spire_armor_trim_smithing_template"
        }
      ]
    },
    {
      "rolls": 1,
      "bonus_rolls": 0,
      "entries": [
        {
          "type": "minecraft:empty",
          "weight": 7
        },
        {
          "type": "minecraft:loot_table",
          "value": "harmonic_horizons:discs/music_disc_crystal_chasm"
        }
      ]
    }
  ],
  "random_sequence": "minecraft:chests/end_city_treasure"
}
